,rental_id,rental_date,inventory_id,customer_id,return_date,staff_id
0,1,2005-05-24 22:53:30,327,130,2005-05-26 22:04:30,1
1,2,2005-05-24 22:54:33,380,459,2005-05-28 19:40:33,1
2,3,2005-05-24 23:03:39,872,408,2005-06-01 22:12:39,1
3,4,2005-05-24 23:04:41,549,333,2005-06-03 01:43:41,2
4,5,2005-05-24 23:05:21,154,222,2005-06-02 04:33:21,1
5,6,2005-05-24 23:08:07,592,549,2005-05-27 01:32:07,1
6,7,2005-05-24 23:11:53,449,269,2005-05-29 20:34:53,2
7,8,2005-05-24 23:31:46,679,239,2005-05-27 23:33:46,2
8,9,2005-05-25 00:00:40,375,126,2005-05-28 00:22:40,1
9,10,2005-05-25 00:02:21,260,399,2005-05-31 22:44:21,2
10,11,2005-05-25 00:09:02,682,142,2005-06-02 20:56:02,2
11,12,2005-05-25 00:19:27,177,261,2005-05-30 05:44:27,2
12,13,2005-05-25 00:22:55,909,334,2005-05-30 04:28:55,1
13,14,2005-05-25 00:31:15,997,446,2005-05-26 02:56:15,1
14,15,2005-05-25 00:39:22,671,319,2005-06-03 03:30:22,1
15,16,2005-05-25 00:43:11,860,316,2005-05-26 04:42:11,2
16,17,2005-05-25 01:06:36,160,575,2005-05-27 00:43:36,1
17,18,2005-05-25 01:10:47,385,19,2005-05-31 06:35:47,2
18,19,2005-05-25 01:17:24,726,456,2005-05-31 06:00:24,1
19,20,2005-05-25 01:48:41,211,185,2005-05-27 02:20:41,2
20,21,2005-05-25 01:59:46,755,388,2005-05-26 01:01:46,2
21,22,2005-05-25 02:19:23,818,509,2005-05-26 04:52:23,2
22,23,2005-05-25 02:40:21,495,438,2005-05-29 06:34:21,1
23,24,2005-05-25 02:53:02,204,350,2005-05-27 01:15:02,1
24,25,2005-05-25 03:21:20,56,37,2005-05-27 21:25:20,2
25,26,2005-05-25 03:36:50,377,371,2005-05-31 00:34:50,1
26,27,2005-05-25 03:41:50,9,301,2005-05-30 01:13:50,2
27,28,2005-05-25 03:42:37,84,232,2005-05-26 09:26:37,2
28,29,2005-05-25 03:47:12,414,44,2005-05-30 00:31:12,2
29,30,2005-05-25 04:01:32,676,430,2005-05-30 03:12:32,1
30,31,2005-05-25 04:05:17,15,369,2005-05-30 07:15:17,1
31,32,2005-05-25 04:06:21,736,230,2005-05-25 23:55:21,1
32,33,2005-05-25 04:18:51,144,272,2005-05-27 03:58:51,1
33,34,2005-05-25 04:19:28,71,597,2005-05-29 00:10:28,2
34,35,2005-05-25 04:24:36,917,484,2005-05-27 07:02:36,2
35,36,2005-05-25 04:36:26,778,88,2005-05-29 00:31:26,1
36,37,2005-05-25 04:44:31,34,535,2005-05-29 01:03:31,1
37,38,2005-05-25 04:47:44,568,302,2005-06-01 00:58:44,1
38,39,2005-05-25 04:51:46,955,207,2005-05-31 03:14:46,2
39,40,2005-05-25 05:09:04,350,413,2005-05-27 23:12:04,1
40,41,2005-05-25 05:12:29,726,174,2005-06-02 00:28:29,1
41,42,2005-05-25 05:24:58,711,523,2005-05-31 02:47:58,2
42,43,2005-05-25 05:39:25,679,532,2005-05-26 06:54:25,2
43,44,2005-05-25 05:53:23,305,207,2005-05-29 10:56:23,2
44,45,2005-05-25 05:59:39,498,436,2005-06-02 09:56:39,2
45,46,2005-05-25 06:04:08,412,7,2005-06-02 08:18:08,2
46,47,2005-05-25 06:05:20,479,35,2005-05-30 03:04:20,1
47,48,2005-05-25 06:20:46,345,282,2005-06-02 05:42:46,1
48,49,2005-05-25 06:39:35,426,498,2005-05-30 10:12:35,2
49,50,2005-05-25 06:44:53,572,18,2005-05-28 11:28:53,2
50,51,2005-05-25 06:49:10,862,256,2005-05-26 06:42:10,1
51,52,2005-05-25 06:51:29,615,507,2005-05-31 01:27:29,2
52,53,2005-05-25 07:19:16,45,569,2005-05-27 05:19:16,2
53,54,2005-05-25 07:23:25,700,291,2005-06-01 05:05:25,2
54,55,2005-05-25 08:26:13,424,131,2005-05-30 10:57:13,1
55,56,2005-05-25 08:28:11,100,511,2005-05-26 14:21:11,1
56,57,2005-05-25 08:43:32,116,6,2005-05-29 06:42:32,2
57,58,2005-05-25 08:53:14,713,323,2005-05-28 14:40:14,1
58,59,2005-05-25 08:56:42,382,408,2005-06-01 09:52:42,1
59,60,2005-05-25 08:58:25,507,470,2005-05-30 14:14:25,1
60,61,2005-05-25 09:01:57,487,250,2005-06-02 07:22:57,2
61,62,2005-05-25 09:18:52,788,419,2005-05-30 10:55:52,1
62,63,2005-05-25 09:19:16,49,383,2005-05-27 04:24:16,1
63,64,2005-05-25 09:21:29,925,368,2005-06-03 11:31:29,1
64,65,2005-05-25 09:32:03,326,346,2005-05-29 14:21:03,1
65,66,2005-05-25 09:35:12,136,86,2005-05-29 04:16:12,2
66,67,2005-05-25 09:41:01,248,119,2005-05-27 13:46:01,2
67,68,2005-05-25 09:47:31,53,120,2005-05-31 10:20:31,2
68,69,2005-05-25 10:10:14,447,305,2005-05-27 14:02:14,2
69,70,2005-05-25 10:15:23,405,73,2005-05-27 05:56:23,2
70,71,2005-05-25 10:26:39,766,100,2005-05-28 04:59:39,1
71,72,2005-05-25 10:52:13,477,48,2005-05-28 05:52:13,2
72,73,2005-05-25 11:00:07,427,391,2005-06-01 13:56:07,2
73,74,2005-05-25 11:09:48,146,265,2005-05-26 12:23:48,2
74,75,2005-05-25 11:13:34,342,510,2005-06-03 12:58:34,1
75,76,2005-05-25 11:30:37,90,1,2005-06-03 12:00:37,2
76,77,2005-05-25 11:31:59,124,451,2005-05-26 16:53:59,2
77,78,2005-05-25 11:35:18,561,135,2005-05-31 12:48:18,2
78,79,2005-05-25 12:11:07,561,245,2005-06-03 10:54:07,2
79,80,2005-05-25 12:12:07,210,314,2005-05-31 17:46:07,2
80,81,2005-05-25 12:15:19,379,286,2005-06-02 14:08:19,2
81,82,2005-05-25 12:17:46,184,427,2005-06-01 10:48:46,1
82,83,2005-05-25 12:30:15,121,131,2005-05-27 15:40:15,1
83,84,2005-05-25 12:36:30,864,492,2005-05-29 18:33:30,1
84,85,2005-05-25 13:05:34,344,414,2005-05-29 16:53:34,1
85,86,2005-05-25 13:36:12,621,266,2005-05-30 14:53:12,1
86,87,2005-05-25 13:52:43,445,331,2005-05-29 11:12:43,2
87,88,2005-05-25 14:13:54,694,53,2005-05-29 09:32:54,2
88,89,2005-05-25 14:28:29,688,499,2005-05-29 14:33:29,1
89,90,2005-05-25 14:31:25,796,25,2005-06-01 10:07:25,1
90,91,2005-05-25 14:57:22,274,267,2005-06-01 18:32:22,1
91,92,2005-05-25 15:38:46,883,302,2005-05-31 13:40:46,2
92,93,2005-05-25 15:54:16,77,288,2005-06-03 20:18:16,1
93,94,2005-05-25 16:03:42,78,197,2005-05-30 14:23:42,1
94,95,2005-05-25 16:12:52,293,400,2005-06-02 18:55:52,2
95,96,2005-05-25 16:32:19,245,49,2005-05-30 10:47:19,2
96,97,2005-05-25 16:34:24,442,263,2005-05-28 12:13:24,2
97,98,2005-05-25 16:48:24,910,269,2005-05-27 11:29:24,2
98,99,2005-05-25 16:50:20,894,44,2005-05-28 18:52:20,1
99,100,2005-05-25 16:50:28,628,208,2005-06-02 22:11:28,1
100,101,2005-05-25 17:17:04,978,468,2005-05-31 19:47:04,1
101,102,2005-05-25 17:22:10,464,343,2005-05-31 19:47:10,1
102,103,2005-05-25 17:30:42,426,384,2005-06-03 22:36:42,1
103,104,2005-05-25 17:46:33,275,310,2005-05-27 15:20:33,1
104,105,2005-05-25 17:54:12,438,108,2005-05-30 12:03:12,2
105,106,2005-05-25 18:18:19,720,196,2005-06-04 00:01:19,2
106,107,2005-05-25 18:28:09,202,317,2005-06-03 22:46:09,2
107,108,2005-05-25 18:30:05,745,242,2005-05-30 19:40:05,1
108,109,2005-05-25 18:40:20,6,503,2005-05-29 20:39:20,2
109,110,2005-05-25 18:43:49,954,19,2005-06-03 18:13:49,2
110,111,2005-05-25 18:45:19,524,227,2005-05-28 17:18:19,1
111,112,2005-05-25 18:57:24,598,500,2005-06-02 20:44:24,1
112,113,2005-05-25 19:07:40,258,93,2005-05-27 22:16:40,2
113,114,2005-05-25 19:12:42,457,506,2005-06-01 23:10:42,1
114,115,2005-05-25 19:13:25,55,455,2005-05-29 20:17:25,1
115,116,2005-05-25 19:27:51,218,18,2005-05-26 16:23:51,1
116,117,2005-05-25 19:30:46,176,7,2005-05-31 23:59:46,2
117,118,2005-05-25 19:31:18,171,524,2005-05-31 15:00:18,1
118,119,2005-05-25 19:37:02,865,51,2005-05-29 23:51:02,2
119,120,2005-05-25 19:37:47,279,365,2005-06-01 23:29:47,2
120,121,2005-05-25 19:41:29,626,405,2005-05-29 21:31:29,1
121,122,2005-05-25 19:46:21,89,273,2005-06-02 19:07:21,1
122,123,2005-05-25 20:26:42,758,43,2005-05-26 19:41:42,1
123,124,2005-05-25 20:46:11,963,246,2005-05-30 00:47:11,2
124,125,2005-05-25 20:48:50,395,368,2005-06-02 21:39:50,1
125,126,2005-05-25 21:07:59,911,439,2005-05-28 18:51:59,1
126,127,2005-05-25 21:10:40,651,94,2005-06-02 21:38:40,1
127,128,2005-05-25 21:19:53,144,40,2005-05-29 23:34:53,1
128,129,2005-05-25 21:20:03,99,23,2005-06-04 01:25:03,2
129,130,2005-05-25 21:21:56,226,56,2005-05-30 22:41:56,2
130,131,2005-05-25 21:42:46,50,325,2005-05-30 23:25:46,2
131,132,2005-05-25 21:46:54,167,479,2005-05-31 21:02:54,1
132,133,2005-05-25 21:48:30,994,237,2005-05-30 00:26:30,2
133,134,2005-05-25 21:48:41,62,222,2005-06-02 18:28:41,1
134,135,2005-05-25 21:58:58,571,304,2005-06-03 17:50:58,1
135,136,2005-05-25 22:02:30,393,504,2005-05-31 18:06:30,1
136,137,2005-05-25 22:25:18,767,560,2005-06-01 02:30:18,2
137,138,2005-05-25 22:48:22,131,586,2005-05-29 20:21:22,2
138,139,2005-05-25 23:00:21,389,257,2005-05-29 17:12:21,1
139,140,2005-05-25 23:34:22,105,354,2005-05-27 01:10:22,1
140,141,2005-05-25 23:34:53,752,89,2005-06-02 01:57:53,1
141,142,2005-05-25 23:43:47,125,472,2005-05-29 00:46:47,2
142,143,2005-05-25 23:45:52,850,297,2005-05-27 21:41:52,2
143,144,2005-05-25 23:49:56,576,357,2005-06-01 21:41:56,2
144,145,2005-05-25 23:59:03,799,82,2005-05-31 02:56:03,1
145,146,2005-05-26 00:07:11,556,433,2005-06-04 00:20:11,2
146,147,2005-05-26 00:17:50,387,274,2005-05-29 23:21:50,2
147,148,2005-05-26 00:25:23,754,142,2005-06-01 19:29:23,2
148,149,2005-05-26 00:28:05,532,319,2005-06-02 21:30:05,2
149,150,2005-05-26 00:28:39,540,429,2005-06-01 02:10:39,2
150,151,2005-05-26 00:37:28,427,14,2005-05-30 06:28:28,1
151,152,2005-05-26 00:41:10,176,57,2005-06-03 06:05:10,1
152,153,2005-05-26 00:47:47,935,348,2005-05-27 21:28:47,1
153,154,2005-05-26 00:55:56,674,185,2005-05-29 23:18:56,2
154,155,2005-05-26 01:15:05,780,551,2005-06-01 00:03:05,1
155,156,2005-05-26 01:19:05,101,462,2005-05-27 23:43:05,1
156,157,2005-05-26 01:25:21,613,344,2005-05-26 21:17:21,2
157,158,2005-05-26 01:27:11,681,354,2005-06-03 00:30:11,2
158,159,2005-05-26 01:34:28,952,505,2005-05-29 04:00:28,1
159,160,2005-05-26 01:46:20,435,290,2005-06-01 05:45:20,1
160,161,2005-05-26 01:51:48,985,182,2005-05-27 05:42:48,1
161,162,2005-05-26 02:02:05,78,296,2005-05-27 03:38:05,2
162,163,2005-05-26 02:26:23,478,104,2005-06-04 06:36:23,1
163,164,2005-05-26 02:26:49,740,151,2005-05-28 00:32:49,1
164,165,2005-05-26 02:28:36,671,33,2005-06-02 03:21:36,1
165,166,2005-05-26 02:49:11,569,322,2005-05-31 01:28:11,1
166,167,2005-05-26 02:50:31,865,401,2005-05-27 03:07:31,1
167,168,2005-05-26 03:07:43,45,469,2005-06-02 02:09:43,2
168,169,2005-05-26 03:09:30,937,381,2005-05-27 01:37:30,2
169,170,2005-05-26 03:11:12,182,107,2005-06-02 03:53:12,1
170,171,2005-05-26 03:14:15,703,400,2005-06-03 00:24:15,2
171,172,2005-05-26 03:17:42,187,176,2005-05-29 04:11:42,2
172,173,2005-05-26 03:42:10,922,533,2005-05-28 01:37:10,2
173,174,2005-05-26 03:44:10,826,552,2005-05-28 07:13:10,2
174,175,2005-05-26 03:46:26,29,47,2005-06-03 06:01:26,2
175,176,2005-05-26 03:47:39,781,250,2005-06-01 02:36:39,2
176,177,2005-05-26 04:14:29,540,548,2005-06-01 08:16:29,2
177,178,2005-05-26 04:21:46,233,196,2005-06-04 07:09:46,2
178,179,2005-05-26 04:26:06,995,19,2005-06-03 10:06:06,1
179,180,2005-05-26 04:46:23,825,75,2005-06-01 09:58:23,1
180,181,2005-05-26 04:47:06,654,587,2005-05-29 06:34:06,2
181,182,2005-05-26 04:49:17,955,237,2005-06-01 05:43:17,2
182,183,2005-05-26 05:01:18,751,254,2005-06-01 09:04:18,1
183,184,2005-05-26 05:29:49,258,556,2005-05-28 10:10:49,1
184,185,2005-05-26 05:30:03,624,125,2005-06-02 09:48:03,2
185,186,2005-05-26 05:32:52,733,468,2005-06-03 07:19:52,2
186,187,2005-05-26 05:42:37,813,515,2005-06-04 00:38:37,1
187,188,2005-05-26 05:47:12,357,243,2005-05-26 23:48:12,1
188,189,2005-05-26 06:01:41,403,247,2005-05-27 06:11:41,1
189,190,2005-05-26 06:11:28,157,533,2005-06-01 09:44:28,1
190,191,2005-05-26 06:14:06,193,412,2005-05-28 05:33:06,1
191,192,2005-05-26 06:20:37,375,437,2005-06-02 10:57:37,1
192,193,2005-05-26 06:41:48,706,270,2005-05-30 06:21:48,2
193,194,2005-05-26 06:52:33,817,29,2005-05-30 04:08:33,2
194,195,2005-05-26 06:52:36,338,564,2005-05-31 02:47:36,2
195,196,2005-05-26 06:55:58,105,184,2005-05-27 10:54:58,1
196,197,2005-05-26 06:59:21,138,546,2005-06-03 05:04:21,2
197,198,2005-05-26 07:03:49,730,54,2005-06-04 11:45:49,1
198,199,2005-05-26 07:11:58,477,71,2005-05-28 09:06:58,1
199,200,2005-05-26 07:12:21,378,321,2005-05-31 12:07:21,1
200,201,2005-05-26 07:13:45,873,444,2005-06-04 02:02:45,2
201,202,2005-05-26 07:27:36,491,20,2005-06-02 03:52:36,1
202,203,2005-05-26 07:27:57,40,109,2005-06-03 12:52:57,1
203,204,2005-05-26 07:30:37,808,528,2005-05-30 08:11:37,1
204,205,2005-05-26 07:59:37,137,114,2005-05-29 09:43:37,2
205,206,2005-05-26 08:01:54,908,345,2005-05-27 06:26:54,1
206,207,2005-05-26 08:04:38,956,47,2005-05-27 09:32:38,2
207,208,2005-05-26 08:10:22,885,274,2005-05-27 03:55:22,1
208,209,2005-05-26 08:14:01,279,379,2005-05-27 09:00:01,1
209,210,2005-05-26 08:14:15,304,391,2005-05-27 12:12:15,2
210,211,2005-05-26 08:33:10,205,170,2005-05-28 14:09:10,1
211,212,2005-05-26 08:34:41,932,59,2005-05-30 12:46:41,2
212,213,2005-05-26 08:44:08,402,394,2005-05-31 12:33:08,2
213,214,2005-05-26 08:48:49,200,98,2005-05-31 04:06:49,2
214,215,2005-05-26 09:02:47,542,197,2005-05-28 09:45:47,2
215,216,2005-05-26 09:17:43,453,91,2005-06-03 08:21:43,1
216,217,2005-05-26 09:24:26,82,121,2005-05-31 03:24:26,2
217,218,2005-05-26 09:27:09,756,309,2005-06-04 11:53:09,2
218,219,2005-05-26 09:41:45,788,489,2005-05-28 04:40:45,1
219,220,2005-05-26 10:06:49,190,542,2005-06-01 07:43:49,1
220,221,2005-05-26 10:14:09,519,143,2005-05-29 05:57:09,1
221,222,2005-05-26 10:14:38,968,83,2005-05-31 08:36:38,2
222,223,2005-05-26 10:15:23,148,460,2005-05-30 11:43:23,1
223,224,2005-05-26 10:18:27,820,318,2005-06-04 06:59:27,1
224,225,2005-05-26 10:27:50,248,467,2005-06-01 07:01:50,2
225,226,2005-05-26 10:44:04,242,221,2005-05-31 13:26:04,2
226,227,2005-05-26 10:51:46,439,301,2005-05-30 07:24:46,1
227,228,2005-05-26 10:54:28,840,571,2005-06-04 09:39:28,1
228,229,2005-05-26 11:19:20,113,312,2005-05-31 11:56:20,2
229,230,2005-05-26 11:31:50,633,58,2005-05-30 15:22:50,1
230,231,2005-05-26 11:31:59,543,365,2005-05-27 07:27:59,1
231,232,2005-05-26 11:38:05,267,256,2005-05-27 08:42:05,2
232,233,2005-05-26 11:43:44,429,531,2005-05-28 17:28:44,2
233,234,2005-05-26 11:47:20,765,566,2005-06-03 10:39:20,2
234,235,2005-05-26 11:51:09,338,119,2005-06-04 09:36:09,1
235,236,2005-05-26 11:53:49,872,446,2005-05-28 13:55:49,1
236,237,2005-05-26 12:15:13,318,536,2005-05-29 18:10:13,1
237,238,2005-05-26 12:30:22,851,211,2005-05-27 06:49:22,1
238,239,2005-05-26 12:30:26,944,49,2005-06-01 13:26:26,2
239,240,2005-05-26 12:40:23,333,103,2005-06-04 07:22:23,1
240,241,2005-05-26 12:49:01,162,245,2005-05-28 11:43:01,2
241,242,2005-05-26 13:05:08,239,214,2005-06-02 15:26:08,1
242,243,2005-05-26 13:06:05,802,543,2005-06-03 17:28:05,2
243,244,2005-05-26 13:40:40,901,257,2005-05-31 11:58:40,1
244,245,2005-05-26 13:46:59,587,158,2005-05-27 09:58:59,2
245,246,2005-05-26 13:57:07,953,240,2005-05-29 10:12:07,2
246,247,2005-05-26 14:01:05,707,102,2005-05-28 13:38:05,2
247,248,2005-05-26 14:07:58,292,545,2005-05-31 14:03:58,2
248,249,2005-05-26 14:19:09,244,472,2005-05-28 17:47:09,2
249,250,2005-05-26 14:30:24,132,539,2005-05-27 08:50:24,1
250,251,2005-05-26 14:35:40,794,204,2005-05-29 17:17:40,1
251,252,2005-05-26 14:39:53,75,187,2005-06-02 14:48:53,1
252,253,2005-05-26 14:43:14,974,416,2005-05-27 12:21:14,1
253,254,2005-05-26 14:43:48,885,390,2005-05-31 09:19:48,2
254,255,2005-05-26 14:52:15,71,114,2005-05-27 12:45:15,1
255,256,2005-05-26 15:20:58,839,436,2005-05-31 15:58:58,1
256,257,2005-05-26 15:27:05,405,373,2005-05-29 16:25:05,2
257,258,2005-05-26 15:28:14,219,502,2005-05-30 18:38:14,2
258,259,2005-05-26 15:32:46,493,482,2005-06-04 15:27:46,2
259,260,2005-05-26 15:42:20,719,21,2005-05-31 13:21:20,2
260,261,2005-05-26 15:44:23,538,414,2005-06-02 09:47:23,2
261,262,2005-05-26 15:46:56,819,236,2005-05-28 15:49:56,2
262,263,2005-05-26 15:47:40,602,449,2005-05-30 10:07:40,2
263,264,2005-05-26 16:00:49,172,251,2005-05-27 10:12:49,2
264,265,2005-05-26 16:07:38,264,303,2005-06-01 14:20:38,1
265,266,2005-05-26 16:08:05,654,263,2005-05-27 10:55:05,2
266,267,2005-05-26 16:16:21,239,417,2005-05-30 16:53:21,2
267,268,2005-05-26 16:19:08,776,75,2005-05-27 14:35:08,1
268,269,2005-05-26 16:19:46,112,322,2005-05-27 15:59:46,2
269,270,2005-05-26 16:20:56,340,200,2005-06-03 12:40:56,2
270,271,2005-05-26 16:22:01,339,92,2005-06-03 17:30:01,2
271,272,2005-05-26 16:27:11,287,71,2005-06-03 13:10:11,2
272,273,2005-05-26 16:29:36,74,193,2005-05-29 18:49:36,2
273,274,2005-05-26 16:48:51,303,311,2005-06-03 18:17:51,1
274,275,2005-05-26 17:09:53,650,133,2005-06-04 22:35:53,1
275,276,2005-05-26 17:16:07,921,58,2005-06-03 12:59:07,1
276,277,2005-05-26 17:32:11,813,45,2005-05-28 22:54:11,1
277,278,2005-05-26 17:40:58,108,214,2005-06-02 16:43:58,2
278,279,2005-05-26 18:02:50,282,384,2005-06-03 18:48:50,2
279,280,2005-05-26 18:36:58,790,167,2005-05-27 23:42:58,1
280,281,2005-05-26 18:49:35,613,582,2005-05-27 18:11:35,2
281,282,2005-05-26 18:56:26,763,282,2005-06-01 16:32:26,2
282,283,2005-05-26 19:05:05,847,242,2005-05-31 19:19:05,1
283,284,2005-05-26 19:21:44,946,359,2005-06-04 14:18:44,2
284,285,2005-05-26 19:41:40,743,162,2005-05-31 16:58:40,2
285,286,2005-05-26 19:44:51,399,371,2005-06-04 18:00:51,2
286,287,2005-05-26 19:44:54,82,17,2005-06-02 01:10:54,1
287,288,2005-05-26 19:47:49,227,82,2005-06-03 20:53:49,2
288,289,2005-05-26 20:01:09,316,81,2005-05-28 15:09:09,1
289,290,2005-05-26 20:08:33,630,429,2005-05-30 00:32:33,1
290,291,2005-05-26 20:20:47,905,577,2005-06-03 02:06:47,2
291,292,2005-05-26 20:22:12,619,515,2005-06-05 00:58:12,1
292,293,2005-05-26 20:27:02,308,158,2005-06-03 16:45:02,2
293,294,2005-05-26 20:29:57,174,369,2005-05-28 17:20:57,1
294,295,2005-05-26 20:33:20,318,65,2005-05-27 18:23:20,2
295,296,2005-05-26 20:35:19,513,468,2005-06-04 02:31:19,2
296,297,2005-05-26 20:48:48,693,48,2005-05-27 19:52:48,2
297,298,2005-05-26 20:52:26,179,460,2005-05-29 22:08:26,2
298,299,2005-05-26 20:55:36,232,448,2005-05-28 00:25:36,2
299,300,2005-05-26 20:57:00,55,47,2005-06-05 01:34:00,2
300,301,2005-05-26 21:06:14,782,274,2005-06-01 01:54:14,2
301,302,2005-05-26 21:13:46,529,387,2005-06-03 15:49:46,2
302,303,2005-05-26 21:16:52,738,596,2005-05-27 23:41:52,2
303,304,2005-05-26 21:21:28,889,534,2005-06-02 00:05:28,1
304,305,2005-05-26 21:22:07,65,464,2005-06-02 22:33:07,2
305,306,2005-05-26 21:31:57,357,547,2005-05-28 19:37:57,1
306,307,2005-05-26 21:48:13,453,375,2005-06-04 22:24:13,1
307,308,2005-05-26 22:01:39,193,277,2005-06-04 20:24:39,2
308,309,2005-05-26 22:38:10,224,251,2005-06-02 03:10:10,2
309,310,2005-05-26 22:41:07,70,409,2005-06-02 04:09:07,1
310,311,2005-05-26 22:51:37,105,201,2005-06-01 00:02:37,1
311,312,2005-05-26 22:52:19,131,143,2005-06-02 18:14:19,2
312,313,2005-05-26 22:56:19,516,594,2005-05-29 01:29:19,2
313,314,2005-05-26 23:09:41,519,203,2005-05-28 22:49:41,2
314,315,2005-05-26 23:12:55,401,238,2005-05-29 23:33:55,1
315,316,2005-05-26 23:22:55,125,249,2005-05-29 23:25:55,2
316,317,2005-05-26 23:23:56,136,391,2005-06-01 19:56:56,2
317,318,2005-05-26 23:37:39,180,60,2005-06-03 04:31:39,2
318,319,2005-05-26 23:52:13,587,77,2005-05-30 18:55:13,1
319,320,2005-05-27 00:09:24,276,2,2005-05-28 04:30:24,2
320,322,2005-05-27 00:47:35,574,496,2005-06-02 00:32:35,1
321,323,2005-05-27 00:49:27,448,144,2005-05-30 03:12:27,1
322,324,2005-05-27 01:00:04,43,292,2005-05-30 04:27:04,1
323,325,2005-05-27 01:09:55,246,449,2005-05-31 07:01:55,2
324,326,2005-05-27 01:10:11,192,432,2005-06-04 20:25:11,2
325,327,2005-05-27 01:18:57,342,105,2005-06-04 04:06:57,1
326,328,2005-05-27 01:29:31,434,451,2005-06-01 02:27:31,1
327,329,2005-05-27 01:57:14,530,231,2005-05-31 04:19:14,2
328,330,2005-05-27 02:15:30,730,248,2005-06-04 05:09:30,2
329,331,2005-05-27 02:22:26,844,67,2005-06-05 00:25:26,1
330,332,2005-05-27 02:27:10,176,299,2005-06-03 01:26:10,2
331,333,2005-05-27 02:52:21,303,412,2005-06-01 00:55:21,2
332,334,2005-05-27 03:03:07,612,194,2005-05-29 03:54:07,1
333,335,2005-05-27 03:07:10,521,16,2005-06-05 00:15:10,2
334,336,2005-05-27 03:15:23,78,275,2005-05-29 22:43:23,1
335,337,2005-05-27 03:22:30,220,19,2005-06-02 03:27:30,1
336,338,2005-05-27 03:42:52,425,165,2005-06-01 05:23:52,2
337,339,2005-05-27 03:47:18,862,516,2005-06-04 05:46:18,2
338,340,2005-05-27 03:55:25,259,209,2005-06-04 07:57:25,2
339,341,2005-05-27 04:01:42,287,56,2005-06-05 08:51:42,1
340,342,2005-05-27 04:11:04,771,539,2005-05-29 01:28:04,2
341,343,2005-05-27 04:13:41,334,455,2005-05-28 08:34:41,1
342,344,2005-05-27 04:30:22,97,236,2005-05-29 10:13:22,2
343,345,2005-05-27 04:32:25,680,144,2005-05-31 09:50:25,1
344,346,2005-05-27 04:34:41,938,14,2005-06-05 04:24:41,2
345,347,2005-05-27 04:40:33,539,378,2005-05-28 09:56:33,2
346,348,2005-05-27 04:50:56,817,473,2005-06-01 04:43:56,1
347,349,2005-05-27 04:53:11,455,36,2005-05-28 06:33:11,2
348,350,2005-05-27 05:01:28,302,9,2005-06-04 05:01:28,2
349,351,2005-05-27 05:39:03,404,118,2005-06-01 11:10:03,1
350,352,2005-05-27 05:48:19,124,157,2005-05-29 09:05:19,1
351,353,2005-05-27 06:03:39,105,503,2005-06-03 04:39:39,2
352,354,2005-05-27 06:12:26,202,452,2005-06-01 06:48:26,1
353,355,2005-05-27 06:15:33,838,446,2005-06-01 02:50:33,2
354,356,2005-05-27 06:32:30,528,382,2005-05-30 06:24:30,2
355,357,2005-05-27 06:37:15,670,198,2005-05-30 07:04:15,2
356,358,2005-05-27 06:43:59,306,102,2005-05-29 11:28:59,2
357,359,2005-05-27 06:48:33,993,152,2005-05-29 03:55:33,1
358,360,2005-05-27 06:51:14,510,594,2005-06-03 01:58:14,1
359,361,2005-05-27 07:03:28,779,587,2005-05-31 08:01:28,1
360,362,2005-05-27 07:10:25,514,147,2005-06-01 08:34:25,1
361,363,2005-05-27 07:14:00,605,345,2005-05-28 12:22:00,2
362,364,2005-05-27 07:20:12,957,430,2005-05-31 10:44:12,2
363,365,2005-05-27 07:31:20,502,167,2005-06-04 04:46:20,1
364,366,2005-05-27 07:33:54,61,134,2005-06-04 01:55:54,2
365,367,2005-05-27 07:37:02,281,439,2005-05-30 05:43:02,2
366,368,2005-05-27 07:42:29,784,361,2005-06-04 11:20:29,2
367,369,2005-05-27 07:46:49,1,508,2005-06-01 06:20:49,2
368,370,2005-05-27 07:49:43,863,22,2005-06-05 06:39:43,2
369,371,2005-05-27 08:08:18,413,295,2005-06-05 03:05:18,2
370,372,2005-05-27 08:13:58,686,510,2005-06-04 03:50:58,2
371,373,2005-05-27 08:16:25,467,464,2005-06-01 11:41:25,1
372,374,2005-05-27 08:26:30,164,337,2005-06-05 07:13:30,1
373,375,2005-05-27 08:49:21,469,306,2005-06-04 14:11:21,1
374,376,2005-05-27 08:58:15,797,542,2005-06-02 04:48:15,1
375,377,2005-05-27 09:04:05,123,170,2005-06-02 03:36:05,2
376,378,2005-05-27 09:23:22,670,53,2005-05-29 15:20:22,1
377,379,2005-05-27 09:25:32,403,584,2005-06-02 06:19:32,1
378,380,2005-05-27 09:34:39,460,176,2005-06-04 11:45:39,1
379,381,2005-05-27 09:43:25,555,371,2005-05-31 12:00:25,1
380,382,2005-05-27 10:12:00,121,183,2005-05-31 15:03:00,1
381,383,2005-05-27 10:12:20,717,298,2005-06-03 10:37:20,1
382,384,2005-05-27 10:18:20,669,371,2005-06-02 09:21:20,2
383,385,2005-05-27 10:23:25,215,213,2005-05-30 15:27:25,2
384,386,2005-05-27 10:26:31,502,109,2005-05-30 08:32:31,1
385,387,2005-05-27 10:35:27,460,506,2005-06-01 13:37:27,2
386,388,2005-05-27 10:37:27,710,28,2005-05-30 05:45:27,1
387,389,2005-05-27 10:45:41,861,500,2005-06-05 06:22:41,2
388,390,2005-05-27 11:02:26,670,48,2005-06-02 16:09:26,2
389,391,2005-05-27 11:03:55,379,197,2005-06-01 11:59:55,2
390,392,2005-05-27 11:14:42,457,359,2005-06-01 14:28:42,2
391,393,2005-05-27 11:18:25,36,251,2005-05-28 07:10:25,2
392,394,2005-05-27 11:26:11,667,274,2005-06-03 16:44:11,2
393,395,2005-05-27 11:45:49,196,575,2005-05-31 13:42:49,1
394,396,2005-05-27 11:47:04,329,112,2005-05-29 10:14:04,1
395,397,2005-05-27 12:29:02,941,544,2005-05-28 17:36:02,2
396,398,2005-05-27 12:44:03,304,422,2005-06-02 08:19:03,1
397,399,2005-05-27 12:48:38,778,204,2005-05-29 15:27:38,1
398,400,2005-05-27 12:51:44,634,249,2005-05-31 08:34:44,2
399,401,2005-05-27 12:57:55,766,46,2005-05-29 17:55:55,2
400,402,2005-05-27 13:17:18,106,354,2005-05-30 08:53:18,2
401,403,2005-05-27 13:28:52,185,424,2005-05-29 11:47:52,2
402,404,2005-05-27 13:31:51,31,168,2005-05-30 16:58:51,1
403,405,2005-05-27 13:32:39,536,272,2005-06-05 18:53:39,2
404,406,2005-05-27 13:46:46,626,381,2005-05-30 12:43:46,1
405,407,2005-05-27 13:57:38,14,44,2005-05-31 18:23:38,1
406,408,2005-05-27 13:57:39,805,84,2005-05-28 11:57:39,1
407,409,2005-05-27 14:10:58,670,220,2005-06-02 10:40:58,2
408,410,2005-05-27 14:11:22,630,506,2005-06-02 20:06:22,2
409,411,2005-05-27 14:14:14,939,388,2005-06-03 17:39:14,1
410,412,2005-05-27 14:17:23,683,375,2005-05-29 15:07:23,2
411,413,2005-05-27 14:45:37,944,307,2005-06-03 11:11:37,1
412,414,2005-05-27 14:48:20,608,219,2005-05-31 14:39:20,2
413,415,2005-05-27 14:51:45,393,304,2005-05-28 19:07:45,2
414,416,2005-05-27 15:02:10,945,222,2005-05-29 10:34:10,2
415,417,2005-05-27 15:07:27,669,475,2005-05-29 20:01:27,2
416,418,2005-05-27 15:13:17,768,151,2005-06-04 12:05:17,2
417,419,2005-05-27 15:15:11,662,77,2005-06-02 11:53:11,1
418,420,2005-05-27 15:19:38,296,93,2005-06-03 15:07:38,2
419,421,2005-05-27 15:30:13,852,246,2005-06-04 13:19:13,2
420,422,2005-05-27 15:31:55,40,150,2005-06-01 11:47:55,2
421,423,2005-05-27 15:32:57,163,284,2005-06-02 19:03:57,1
422,424,2005-05-27 15:34:01,158,35,2005-06-05 09:44:01,1
423,425,2005-05-27 15:51:30,963,182,2005-06-03 16:52:30,2
424,426,2005-05-27 15:56:57,785,522,2005-06-05 11:45:57,1
425,427,2005-05-27 16:10:04,987,288,2005-06-05 13:22:04,2
426,428,2005-05-27 16:10:58,439,161,2005-05-31 17:24:58,2
427,429,2005-05-27 16:21:26,29,498,2005-06-05 20:23:26,2
428,430,2005-05-27 16:22:10,668,190,2005-06-05 13:10:10,1
429,431,2005-05-27 16:31:05,646,334,2005-06-05 11:29:05,1
430,432,2005-05-27 16:40:29,300,46,2005-05-29 16:20:29,1
431,433,2005-05-27 16:40:40,534,574,2005-05-30 19:55:40,2
432,434,2005-05-27 16:54:27,695,246,2005-06-04 22:26:27,1
433,435,2005-05-27 17:17:09,832,3,2005-06-02 11:20:09,2
434,436,2005-05-27 17:21:04,876,267,2005-05-30 21:26:04,2
435,437,2005-05-27 17:47:22,87,525,2005-06-05 14:22:22,2
436,438,2005-05-27 17:52:34,69,249,2005-06-05 22:23:34,2
437,439,2005-05-27 17:54:48,20,319,2005-06-02 23:01:48,2
438,440,2005-05-27 18:00:35,855,314,2005-05-29 16:15:35,1
439,441,2005-05-27 18:11:05,80,54,2005-05-30 22:45:05,1
440,442,2005-05-27 18:12:13,741,403,2005-05-30 12:30:13,2
441,443,2005-05-27 18:35:20,854,547,2005-06-04 18:58:20,1
442,444,2005-05-27 18:39:15,898,239,2005-06-01 15:56:15,1
443,445,2005-05-27 18:42:57,193,293,2005-05-30 22:35:57,2
444,446,2005-05-27 18:48:41,147,401,2005-06-03 16:42:41,2
445,447,2005-05-27 18:57:02,338,133,2005-06-05 18:38:02,1
446,448,2005-05-27 19:03:08,987,247,2005-06-03 20:28:08,2
447,449,2005-05-27 19:13:15,388,172,2005-06-04 01:08:15,2
448,450,2005-05-27 19:18:54,957,247,2005-06-05 23:52:54,1
449,451,2005-05-27 19:27:54,334,87,2005-05-29 01:07:54,2
450,452,2005-05-27 19:30:33,10,127,2005-05-30 20:53:33,2
451,453,2005-05-27 19:31:16,459,529,2005-05-29 23:06:16,1
452,454,2005-05-27 19:31:36,581,575,2005-05-30 15:46:36,1
453,455,2005-05-27 19:43:29,748,343,2005-06-04 23:40:29,2
454,456,2005-05-27 19:50:06,928,92,2005-06-02 22:14:06,1
455,457,2005-05-27 19:52:29,978,300,2005-06-02 17:17:29,2
456,458,2005-05-27 19:58:36,959,565,2005-06-06 00:51:36,1
457,459,2005-05-27 20:00:04,126,468,2005-05-29 22:47:04,1
458,460,2005-05-27 20:02:03,77,240,2005-05-28 16:14:03,1
459,461,2005-05-27 20:08:55,166,447,2005-06-01 14:32:55,1
460,462,2005-05-27 20:10:36,42,364,2005-06-03 21:12:36,2
461,463,2005-05-27 20:11:47,354,21,2005-06-04 21:18:47,1
462,464,2005-05-27 20:42:44,465,193,2005-05-30 00:49:44,2
463,465,2005-05-27 20:44:36,295,261,2005-06-02 02:43:36,1
464,466,2005-05-27 20:57:07,752,442,2005-05-29 15:52:07,1
465,467,2005-05-27 21:10:03,987,557,2005-06-01 16:08:03,1
466,468,2005-05-27 21:13:10,766,101,2005-06-04 15:26:10,2
467,469,2005-05-27 21:14:26,524,154,2005-06-05 21:51:26,1
468,470,2005-05-27 21:17:08,652,504,2005-06-04 17:47:08,1
469,471,2005-05-27 21:32:42,373,209,2005-05-31 00:39:42,2
470,472,2005-05-27 21:36:15,81,528,2005-05-29 21:07:15,1
471,473,2005-05-27 21:36:34,866,105,2005-06-05 17:02:34,1
472,474,2005-05-27 22:11:56,818,274,2005-05-31 19:07:56,1
473,475,2005-05-27 22:16:26,437,159,2005-05-28 19:58:26,1
474,476,2005-05-27 22:31:36,639,543,2005-06-03 19:12:36,1
475,477,2005-05-27 22:33:33,44,161,2005-06-02 18:35:33,2
476,478,2005-05-27 22:38:20,848,557,2005-05-31 18:39:20,2
477,479,2005-05-27 22:39:10,364,231,2005-06-05 22:46:10,2
478,480,2005-05-27 22:47:39,111,220,2005-06-04 21:17:39,2
479,481,2005-05-27 22:49:27,788,445,2005-05-30 17:46:27,2
480,482,2005-05-27 22:53:02,729,546,2005-06-01 22:53:02,2
481,483,2005-05-27 23:00:25,90,32,2005-05-28 21:30:25,1
482,484,2005-05-27 23:26:45,410,491,2005-05-29 21:16:45,2
483,485,2005-05-27 23:40:52,699,105,2005-05-28 22:40:52,2
484,486,2005-05-27 23:51:12,382,398,2005-05-28 20:26:12,1
485,487,2005-05-28 00:00:30,837,569,2005-05-28 19:18:30,2
486,488,2005-05-28 00:07:50,19,168,2005-06-03 22:30:50,2
487,489,2005-05-28 00:09:12,384,476,2005-05-31 04:44:12,2
488,490,2005-05-28 00:09:56,613,95,2005-05-30 22:32:56,2
489,491,2005-05-28 00:13:35,29,196,2005-05-29 00:11:35,2
490,492,2005-05-28 00:24:58,452,228,2005-05-28 22:34:58,1
491,493,2005-05-28 00:34:11,145,501,2005-05-30 18:40:11,1
492,494,2005-05-28 00:39:31,77,64,2005-06-02 19:35:31,1
493,495,2005-05-28 00:40:48,564,526,2005-05-29 06:07:48,1
494,496,2005-05-28 00:43:41,562,56,2005-06-04 03:56:41,1
495,497,2005-05-28 00:54:39,739,20,2005-06-03 20:47:39,2
496,498,2005-05-28 01:01:21,132,287,2005-05-30 21:20:21,2
497,499,2005-05-28 01:05:07,741,199,2005-06-05 19:54:07,2
498,500,2005-05-28 01:05:25,387,145,2005-05-31 20:04:25,1
499,501,2005-05-28 01:09:36,225,162,2005-05-30 06:14:36,2
500,502,2005-05-28 01:34:43,545,179,2005-05-31 01:02:43,2
501,503,2005-05-28 01:35:25,8,288,2005-05-28 22:12:25,2
502,504,2005-05-28 02:05:34,977,170,2005-05-30 23:03:34,1
503,505,2005-05-28 02:06:37,737,111,2005-05-29 06:57:37,1
504,506,2005-05-28 02:09:19,38,469,2005-06-05 20:34:19,1
505,507,2005-05-28 02:31:19,38,421,2005-06-02 05:07:19,2
506,508,2005-05-28 02:40:50,197,434,2005-06-05 03:05:50,1
507,509,2005-05-28 02:51:12,72,147,2005-05-31 06:27:12,1
508,510,2005-05-28 02:52:14,91,113,2005-05-30 21:20:14,2
509,511,2005-05-28 03:04:04,265,296,2005-06-03 04:58:04,1
510,512,2005-05-28 03:07:50,977,231,2005-06-05 02:12:50,2
511,513,2005-05-28 03:08:10,367,489,2005-05-29 07:22:10,1
512,514,2005-05-28 03:09:28,526,597,2005-06-05 00:49:28,2
513,515,2005-05-28 03:10:10,315,110,2005-06-04 02:18:10,2
514,516,2005-05-28 03:11:47,435,400,2005-06-04 02:19:47,1
515,517,2005-05-28 03:17:57,86,403,2005-05-29 06:33:57,1
516,518,2005-05-28 03:18:02,133,480,2005-05-30 05:32:02,1
517,519,2005-05-28 03:22:33,72,245,2005-06-03 05:06:33,1
518,520,2005-05-28 03:27:37,775,161,2005-06-04 05:47:37,1
519,521,2005-05-28 03:32:22,710,374,2005-05-28 22:37:22,1
520,522,2005-05-28 03:33:20,298,382,2005-05-31 04:23:20,1
521,523,2005-05-28 03:53:26,738,138,2005-05-31 05:58:26,2
522,524,2005-05-28 03:57:28,158,223,2005-05-31 05:20:28,1
523,525,2005-05-28 04:25:33,955,14,2005-06-06 04:18:33,1
524,526,2005-05-28 04:27:37,782,408,2005-05-30 07:52:37,1
525,527,2005-05-28 04:28:38,483,169,2005-06-02 08:19:38,1
526,528,2005-05-28 04:30:05,22,359,2005-06-03 10:01:05,2
527,529,2005-05-28 04:34:17,6,469,2005-05-30 00:35:17,1
528,530,2005-05-28 05:13:01,306,312,2005-06-01 10:21:01,2
529,531,2005-05-28 05:23:38,249,589,2005-05-29 08:00:38,2
530,532,2005-05-28 05:36:58,338,120,2005-06-02 01:50:58,1
531,533,2005-05-28 06:14:46,842,528,2005-06-01 06:26:46,2
532,534,2005-05-28 06:15:25,213,184,2005-06-06 07:51:25,1
533,535,2005-05-28 06:16:32,662,307,2005-05-31 02:48:32,1
534,536,2005-05-28 06:17:33,37,514,2005-06-03 10:02:33,2
535,537,2005-05-28 06:20:55,310,315,2005-06-05 11:48:55,2
536,538,2005-05-28 06:21:05,15,110,2005-06-02 01:22:05,2
537,539,2005-05-28 06:26:16,889,161,2005-05-30 02:02:16,1
538,540,2005-05-28 06:40:25,261,119,2005-06-06 00:47:25,1
539,541,2005-05-28 06:41:58,452,535,2005-06-02 09:12:58,2
540,542,2005-05-28 06:42:13,214,261,2005-06-03 09:05:13,1
541,543,2005-05-28 06:43:34,541,493,2005-06-06 07:16:34,2
542,544,2005-05-28 07:03:00,132,311,2005-06-06 06:23:00,1
543,545,2005-05-28 07:10:20,29,54,2005-06-04 01:47:20,2
544,546,2005-05-28 07:16:25,249,20,2005-06-01 08:36:25,1
545,547,2005-05-28 07:24:28,928,506,2005-06-06 01:31:28,2
546,548,2005-05-28 07:34:56,607,450,2005-06-05 03:14:56,2
547,549,2005-05-28 07:35:37,192,159,2005-06-02 09:08:37,1
548,550,2005-05-28 07:39:16,561,432,2005-06-06 12:20:16,2
549,551,2005-05-28 07:44:18,124,315,2005-06-02 12:55:18,2
550,552,2005-05-28 07:53:38,517,106,2005-06-04 12:45:38,2
551,553,2005-05-28 08:14:44,364,176,2005-06-02 03:01:44,2
552,554,2005-05-28 08:23:16,463,376,2005-05-31 03:29:16,2
553,555,2005-05-28 08:31:14,259,55,2005-05-30 07:34:14,2
554,556,2005-05-28 08:31:36,294,22,2005-06-06 07:29:36,2
555,557,2005-05-28 08:36:22,869,444,2005-06-03 10:42:22,2
556,558,2005-05-28 08:38:43,796,442,2005-06-06 13:52:43,1
557,559,2005-05-28 08:39:02,537,572,2005-06-05 08:38:02,2
558,560,2005-05-28 08:53:02,137,463,2005-06-04 12:27:02,2
559,561,2005-05-28 08:54:06,470,77,2005-06-05 05:54:06,1
560,562,2005-05-28 09:01:21,796,102,2005-06-02 05:26:21,2
561,563,2005-05-28 09:10:49,373,324,2005-06-06 11:32:49,1
562,564,2005-05-28 09:12:09,818,282,2005-05-29 05:07:09,1
563,565,2005-05-28 09:26:31,209,288,2005-06-01 07:28:31,1
564,566,2005-05-28 09:51:39,829,253,2005-06-05 09:35:39,1
565,567,2005-05-28 09:56:20,371,184,2005-06-01 06:41:20,2
566,568,2005-05-28 09:57:36,758,155,2005-05-31 15:44:36,1
567,569,2005-05-28 10:12:41,502,56,2005-06-03 10:08:41,2
568,570,2005-05-28 10:15:04,503,21,2005-05-30 08:32:04,1
569,571,2005-05-28 10:17:41,772,516,2005-06-05 07:56:41,1
570,572,2005-05-28 10:30:13,811,337,2005-06-02 05:04:13,2
571,573,2005-05-28 10:35:23,388,1,2005-06-03 06:32:23,1
572,574,2005-05-28 10:44:28,13,76,2005-06-04 11:42:28,1
573,575,2005-05-28 10:56:09,680,142,2005-06-05 15:39:09,1
574,576,2005-05-28 10:56:10,710,588,2005-06-04 13:15:10,2
575,577,2005-05-28 11:09:14,86,6,2005-06-01 13:27:14,2
576,578,2005-05-28 11:15:48,124,173,2005-06-02 09:59:48,1
577,579,2005-05-28 11:19:23,250,181,2005-06-02 13:51:23,1
578,580,2005-05-28 11:19:53,30,17,2005-06-01 10:44:53,2
579,581,2005-05-28 11:20:29,356,186,2005-06-04 12:37:29,2
580,582,2005-05-28 11:33:46,263,198,2005-05-29 08:33:46,1
581,583,2005-05-28 11:48:55,497,386,2005-06-04 07:09:55,2
582,584,2005-05-28 11:49:00,290,69,2005-06-01 11:54:00,1
583,585,2005-05-28 11:50:45,726,490,2005-06-03 15:35:45,2
584,586,2005-05-28 12:03:00,615,77,2005-05-29 13:16:00,1
585,587,2005-05-28 12:05:33,616,64,2005-05-30 13:45:33,2
586,588,2005-05-28 12:08:37,294,89,2005-05-29 16:25:37,2
587,589,2005-05-28 12:27:50,95,308,2005-06-03 07:15:50,2
588,590,2005-05-28 13:06:50,760,462,2005-06-02 09:18:50,1
589,591,2005-05-28 13:11:04,297,19,2005-05-29 17:20:04,2
590,592,2005-05-28 13:21:08,749,244,2005-05-29 16:55:08,1
591,593,2005-05-28 13:33:23,118,16,2005-05-30 17:10:23,2
592,594,2005-05-28 13:41:56,687,538,2005-05-30 12:00:56,1
593,595,2005-05-28 13:59:54,503,294,2005-06-05 15:16:54,1
594,596,2005-05-28 14:00:03,960,589,2005-05-29 17:10:03,1
595,597,2005-05-28 14:01:02,509,249,2005-06-06 19:06:02,2
596,598,2005-05-28 14:04:50,920,159,2005-06-03 18:00:50,2
597,599,2005-05-28 14:05:57,515,393,2005-06-01 16:41:57,2
598,600,2005-05-28 14:08:19,439,332,2005-06-03 11:57:19,2
599,601,2005-05-28 14:08:22,950,429,2005-06-04 10:50:22,1
600,602,2005-05-28 14:15:54,220,590,2005-06-05 15:16:54,2
601,603,2005-05-28 14:27:51,473,537,2005-05-29 13:13:51,1
602,604,2005-05-28 14:37:07,440,426,2005-06-03 11:03:07,2
603,605,2005-05-28 14:39:10,135,501,2005-06-01 09:28:10,2
604,606,2005-05-28 14:48:39,797,299,2005-06-04 09:44:39,2
605,607,2005-05-28 15:02:41,318,554,2005-05-30 12:54:41,2
606,608,2005-05-28 15:03:44,302,494,2005-06-04 17:14:44,2
607,609,2005-05-28 15:04:02,75,150,2005-06-05 14:47:02,2
608,610,2005-05-28 15:15:25,992,500,2005-06-02 12:30:25,2
609,611,2005-05-28 15:18:18,571,580,2005-05-31 20:15:18,2
610,612,2005-05-28 15:24:54,356,161,2005-05-30 14:22:54,2
611,613,2005-05-28 15:27:22,566,595,2005-06-02 20:01:22,1
612,614,2005-05-28 15:33:28,43,307,2005-06-04 12:27:28,2
613,615,2005-05-28 15:35:52,756,533,2005-06-03 17:35:52,2
614,616,2005-05-28 15:45:39,279,471,2005-06-02 09:55:39,1
615,617,2005-05-28 15:49:14,286,372,2005-05-31 14:29:14,2
616,618,2005-05-28 15:50:07,435,248,2005-06-01 19:45:07,1
617,619,2005-05-28 15:52:26,123,407,2005-06-06 17:55:26,2
618,620,2005-05-28 15:54:45,915,321,2005-06-04 20:26:45,1
619,621,2005-05-28 15:58:12,459,239,2005-05-30 21:54:12,1
620,622,2005-05-28 15:58:22,357,109,2005-06-04 10:13:22,1
621,623,2005-05-28 16:01:28,197,495,2005-05-30 11:19:28,1
622,624,2005-05-28 16:13:22,418,569,2005-06-06 20:35:22,1
623,625,2005-05-28 16:35:46,887,596,2005-06-01 14:19:46,1
624,626,2005-05-28 16:58:09,728,584,2005-06-01 14:02:09,2
625,627,2005-05-28 17:04:43,983,241,2005-06-04 19:58:43,2
626,628,2005-05-28 17:05:46,223,173,2005-06-06 16:29:46,2
627,629,2005-05-28 17:19:15,723,94,2005-06-02 20:01:15,2
628,630,2005-05-28 17:24:51,983,417,2005-06-05 20:05:51,2
629,631,2005-05-28 17:36:32,363,503,2005-06-03 14:56:32,2
630,632,2005-05-28 17:37:50,574,442,2005-06-03 16:04:50,1
631,633,2005-05-28 17:37:59,30,360,2005-06-03 22:49:59,2
632,634,2005-05-28 17:40:35,916,428,2005-06-05 16:18:35,2
633,635,2005-05-28 17:46:57,682,42,2005-06-06 18:24:57,1
634,636,2005-05-28 17:47:58,838,239,2005-06-04 16:32:58,1
635,637,2005-05-28 18:14:29,334,250,2005-05-29 23:48:29,2
636,638,2005-05-28 18:24:43,580,372,2005-06-02 19:03:43,2
637,639,2005-05-28 18:25:02,692,198,2005-05-29 18:22:02,1
638,640,2005-05-28 18:43:26,4,465,2005-05-30 13:39:26,1
639,641,2005-05-28 18:45:47,293,396,2005-06-04 15:24:47,1
640,642,2005-05-28 18:49:12,414,157,2005-06-01 20:50:12,2
641,643,2005-05-28 18:52:11,855,240,2005-05-31 15:15:11,2
642,644,2005-05-28 18:59:12,612,316,2005-06-04 18:06:12,1
643,645,2005-05-28 19:14:09,999,505,2005-06-05 14:01:09,1
644,646,2005-05-28 19:16:14,997,185,2005-05-31 16:50:14,2
645,647,2005-05-28 19:22:52,740,569,2005-06-01 00:10:52,1
646,648,2005-05-28 19:25:54,401,253,2005-06-03 15:57:54,2
647,649,2005-05-28 19:35:45,746,197,2005-06-05 16:00:45,1
648,650,2005-05-28 19:45:40,380,281,2005-05-29 21:02:40,1
649,651,2005-05-28 19:46:50,118,266,2005-05-30 16:29:50,1
650,652,2005-05-28 20:08:47,320,43,2005-05-29 14:57:47,2
651,653,2005-05-28 20:12:20,172,327,2005-06-04 14:44:20,2
652,654,2005-05-28 20:15:30,722,23,2005-05-30 22:02:30,2
653,655,2005-05-28 20:16:20,294,287,2005-05-31 16:46:20,2
654,656,2005-05-28 20:18:24,508,437,2005-05-30 16:19:24,1
655,657,2005-05-28 20:23:09,860,65,2005-06-01 02:11:09,1
656,658,2005-05-28 20:23:23,454,103,2005-06-06 19:31:23,2
657,659,2005-05-28 20:27:53,629,207,2005-05-31 01:36:53,2
658,660,2005-05-28 20:53:31,553,578,2005-05-30 15:26:31,1
659,661,2005-05-28 21:01:25,208,51,2005-06-02 01:22:25,2
660,662,2005-05-28 21:09:31,572,166,2005-06-01 19:00:31,2
661,663,2005-05-28 21:23:02,700,176,2005-06-02 17:39:02,2
662,664,2005-05-28 21:31:08,270,523,2005-06-02 20:56:08,2
663,665,2005-05-28 21:38:39,737,415,2005-05-29 21:37:39,1
664,666,2005-05-28 21:48:51,65,437,2005-06-05 16:45:51,2
665,667,2005-05-28 21:49:02,630,596,2005-05-31 03:07:02,1
666,668,2005-05-28 21:54:45,480,484,2005-05-29 22:32:45,1
667,669,2005-05-28 22:03:25,271,313,2005-06-03 03:39:25,1
668,670,2005-05-28 22:04:03,547,201,2005-06-06 22:43:03,2
669,671,2005-05-28 22:04:30,319,14,2005-06-03 01:21:30,2
670,672,2005-05-28 22:05:29,714,306,2005-06-06 02:10:29,2
671,673,2005-05-28 22:07:30,246,468,2005-06-01 23:42:30,1
672,674,2005-05-28 22:11:35,699,87,2005-06-01 23:58:35,2
673,675,2005-05-28 22:22:44,995,338,2005-06-01 02:57:44,2
674,676,2005-05-28 22:27:51,908,490,2005-05-29 20:36:51,2
675,677,2005-05-28 23:00:08,688,194,2005-06-05 19:11:08,2
676,678,2005-05-28 23:15:48,813,269,2005-06-03 04:43:48,2
677,679,2005-05-28 23:24:57,208,526,2005-06-06 21:59:57,2
678,680,2005-05-28 23:27:26,203,482,2005-06-02 02:28:26,2
679,681,2005-05-28 23:39:44,471,531,2005-06-01 01:42:44,1
680,682,2005-05-28 23:53:18,139,148,2005-05-29 19:14:18,2
681,683,2005-05-29 00:09:48,293,197,2005-06-02 04:27:48,1
682,684,2005-05-29 00:13:15,170,461,2005-06-04 21:26:15,2
683,685,2005-05-29 00:17:51,687,172,2005-06-05 05:32:51,2
684,686,2005-05-29 00:27:10,808,411,2005-05-30 02:29:10,1
685,687,2005-05-29 00:32:09,95,250,2005-05-31 23:53:09,1
686,688,2005-05-29 00:45:24,438,162,2005-06-02 01:30:24,1
687,689,2005-05-29 00:46:53,778,571,2005-06-03 23:48:53,2
688,690,2005-05-29 00:54:53,578,85,2005-06-06 00:45:53,1
689,691,2005-05-29 01:01:26,986,433,2005-06-07 06:21:26,1
690,692,2005-05-29 01:32:10,52,18,2005-06-02 03:54:10,2
691,693,2005-05-29 01:42:31,917,190,2005-06-03 02:29:31,2
692,694,2005-05-29 01:49:43,530,399,2005-06-05 06:52:43,1
693,695,2005-05-29 01:50:53,397,528,2005-06-03 02:28:53,1
694,696,2005-05-29 01:59:10,534,19,2005-06-01 02:45:10,1
695,697,2005-05-29 02:04:04,853,387,2005-06-04 00:47:04,2
696,698,2005-05-29 02:10:52,125,109,2005-06-01 21:52:52,1
697,699,2005-05-29 02:11:44,785,246,2005-06-04 20:23:44,2
698,700,2005-05-29 02:18:54,147,117,2005-05-30 05:54:54,1
699,701,2005-05-29 02:26:27,845,112,2005-06-03 04:59:27,1
700,702,2005-05-29 02:27:30,222,475,2005-05-30 01:52:30,2
701,703,2005-05-29 02:29:36,117,269,2005-06-03 04:54:36,2
702,704,2005-05-29 02:44:43,840,330,2005-06-06 01:51:43,2
703,705,2005-05-29 02:48:52,437,257,2005-05-30 06:21:52,1
704,706,2005-05-29 03:05:49,581,60,2005-06-04 22:48:49,1
705,707,2005-05-29 03:18:19,610,252,2005-05-30 02:45:19,1
706,708,2005-05-29 03:23:47,193,127,2005-05-31 21:27:47,2
707,709,2005-05-29 03:48:01,773,479,2005-06-06 05:21:01,1
708,710,2005-05-29 03:48:36,408,518,2005-06-03 05:03:36,1
709,711,2005-05-29 03:49:03,448,215,2005-05-31 08:29:03,2
710,712,2005-05-29 04:02:24,452,313,2005-05-30 03:09:24,2
711,713,2005-05-29 04:10:17,8,507,2005-06-07 07:13:17,1
712,714,2005-05-29 04:15:21,715,452,2005-06-01 23:05:21,2
713,715,2005-05-29 04:22:41,84,545,2005-06-05 09:28:41,1
714,716,2005-05-29 04:35:29,851,36,2005-06-01 07:42:29,2
715,717,2005-05-29 04:37:44,36,412,2005-05-30 05:48:44,2
716,718,2005-05-29 04:52:23,110,498,2005-06-02 02:27:23,1
717,719,2005-05-29 05:16:05,811,245,2005-06-01 07:53:05,2
718,720,2005-05-29 05:17:30,672,480,2005-06-06 02:47:30,2
719,721,2005-05-29 05:28:47,925,44,2005-05-31 11:24:47,1
720,722,2005-05-29 05:30:31,739,259,2005-06-06 04:51:31,1
721,723,2005-05-29 05:34:44,947,309,2005-05-30 05:50:44,1
722,724,2005-05-29 05:53:23,24,416,2005-06-05 04:01:23,2
723,725,2005-05-29 06:03:41,230,245,2005-06-03 08:52:41,2
724,726,2005-05-29 06:05:29,712,452,2005-06-05 04:40:29,2
725,727,2005-05-29 06:08:15,813,484,2005-05-30 07:16:15,1
726,728,2005-05-29 06:12:38,130,551,2005-06-03 07:41:38,1
727,729,2005-05-29 06:35:13,76,323,2005-06-04 03:23:13,2
728,730,2005-05-29 07:00:59,895,197,2005-06-06 01:17:59,1
729,731,2005-05-29 07:25:16,592,5,2005-05-30 05:21:16,1
730,732,2005-05-29 07:32:51,929,447,2005-05-30 10:08:51,2
731,733,2005-05-29 07:35:21,100,363,2005-06-05 09:14:21,1
732,734,2005-05-29 07:38:52,383,538,2005-06-03 10:17:52,2
733,735,2005-05-29 08:08:13,489,454,2005-06-07 13:35:13,1
734,736,2005-05-29 08:10:07,202,276,2005-06-05 10:21:07,2
735,737,2005-05-29 08:11:31,926,589,2005-06-04 11:18:31,2
736,738,2005-05-29 08:20:08,350,256,2005-06-06 08:59:08,2
737,739,2005-05-29 08:28:18,999,84,2005-06-06 09:21:18,2
738,740,2005-05-29 08:30:36,684,89,2005-06-04 12:47:36,2
739,741,2005-05-29 08:35:49,725,495,2005-06-04 11:55:49,1
740,742,2005-05-29 08:36:30,423,483,2005-06-05 11:30:30,1
741,743,2005-05-29 08:39:02,854,548,2005-06-06 08:42:02,2
742,744,2005-05-29 09:13:08,132,420,2005-06-01 07:05:08,2
743,745,2005-05-29 09:22:57,921,152,2005-06-01 09:10:57,1
744,746,2005-05-29 09:25:10,772,130,2005-06-02 04:20:10,2
745,747,2005-05-29 09:26:34,896,291,2005-06-05 07:28:34,1
746,748,2005-05-29 09:27:00,439,7,2005-06-03 04:25:00,1
747,749,2005-05-29 09:33:33,227,375,2005-05-31 11:45:33,2
748,750,2005-05-29 09:41:40,271,269,2005-05-30 13:31:40,1
749,751,2005-05-29 09:55:43,79,53,2005-06-02 04:54:43,1
750,752,2005-05-29 10:14:15,537,126,2005-06-04 06:30:15,1
751,753,2005-05-29 10:16:42,819,135,2005-06-05 08:52:42,2
752,754,2005-05-29 10:18:59,311,281,2005-06-04 05:03:59,2
753,755,2005-05-29 10:26:29,971,576,2005-06-01 10:25:29,2
754,756,2005-05-29 10:28:45,756,201,2005-06-04 12:50:45,1
755,757,2005-05-29 10:29:47,131,435,2005-06-07 15:27:47,1
756,758,2005-05-29 10:31:56,711,563,2005-06-01 14:53:56,2
757,759,2005-05-29 10:57:57,352,179,2005-06-07 16:23:57,2
758,760,2005-05-29 11:07:25,685,77,2005-06-02 14:16:25,1
759,761,2005-05-29 11:09:01,918,58,2005-06-03 16:18:01,2
760,762,2005-05-29 11:15:51,457,146,2005-06-06 07:48:51,1
761,763,2005-05-29 11:32:15,135,50,2005-05-31 17:31:15,1
762,764,2005-05-29 11:37:35,660,149,2005-05-31 16:47:35,1
763,765,2005-05-29 11:38:34,54,69,2005-06-02 17:04:34,1
764,766,2005-05-29 11:47:02,292,383,2005-06-06 07:14:02,1
765,767,2005-05-29 12:20:19,513,67,2005-06-02 14:15:19,2
766,768,2005-05-29 12:30:46,922,566,2005-06-07 09:00:46,2
767,769,2005-05-29 12:51:44,270,575,2005-06-01 17:43:44,1
768,770,2005-05-29 12:56:50,898,405,2005-06-07 15:54:50,2
769,771,2005-05-29 12:59:14,598,476,2005-06-01 16:05:14,2
770,772,2005-05-29 13:08:06,304,556,2005-06-06 08:19:06,1
771,773,2005-05-29 13:18:05,12,563,2005-06-07 17:22:05,1
772,774,2005-05-29 13:19:43,515,575,2005-06-01 18:51:43,1
773,775,2005-05-29 13:23:26,888,124,2005-05-30 07:53:26,2
774,776,2005-05-29 13:35:35,579,113,2005-06-03 17:33:35,1
775,777,2005-05-29 14:07:58,1,360,2005-06-03 08:41:58,2
776,778,2005-05-29 14:09:53,436,535,2005-06-05 20:05:53,1
777,779,2005-05-29 14:17:17,500,105,2005-06-06 16:46:17,1
778,780,2005-05-29 14:18:32,15,300,2005-06-06 20:14:32,1
779,781,2005-05-29 14:23:58,600,313,2005-05-30 17:44:58,1
780,782,2005-05-29 14:38:57,71,596,2005-06-02 13:18:57,2
781,783,2005-05-29 14:41:18,222,53,2005-06-06 10:39:18,2
782,784,2005-05-29 14:44:22,652,352,2005-06-01 17:28:22,2
783,785,2005-05-29 15:08:41,976,72,2005-05-30 15:51:41,1
784,786,2005-05-29 15:17:28,240,439,2005-06-07 10:07:28,2
785,787,2005-05-29 16:03:03,39,27,2005-06-07 11:07:03,2
786,788,2005-05-29 16:13:55,354,562,2005-05-31 16:40:55,1
787,789,2005-05-29 16:17:07,251,553,2005-06-06 18:15:07,1
788,790,2005-05-29 16:19:29,786,593,2005-06-02 17:22:29,2
789,791,2005-05-29 16:30:42,914,284,2005-06-01 19:11:42,1
790,792,2005-05-29 16:32:10,147,261,2005-05-31 18:01:10,1
791,793,2005-05-29 16:44:08,206,528,2005-06-06 19:21:08,2
792,794,2005-05-29 16:44:11,705,50,2005-06-05 16:11:11,1
793,795,2005-05-29 16:57:39,446,551,2005-06-01 11:33:39,2
794,796,2005-05-29 16:59:44,64,26,2005-06-03 16:22:44,2
795,797,2005-05-29 17:12:17,45,244,2005-06-03 16:06:17,1
796,798,2005-05-29 17:23:43,617,134,2005-06-01 13:06:43,2
797,799,2005-05-29 17:24:48,476,429,2005-06-05 12:25:48,1
798,800,2005-05-29 17:28:12,382,472,2005-05-30 14:59:12,1
799,801,2005-05-29 17:35:50,453,402,2005-06-04 17:05:50,2
800,802,2005-05-29 17:38:59,662,350,2005-05-31 22:42:59,2
801,803,2005-05-29 17:52:30,889,32,2005-05-30 14:35:30,2
802,804,2005-05-29 18:10:24,986,171,2005-06-06 22:53:24,1
803,805,2005-05-29 18:18:18,997,232,2005-06-07 15:11:18,2
804,806,2005-05-29 18:31:30,31,435,2005-05-31 00:18:30,2
805,807,2005-05-29 18:50:50,982,235,2005-06-03 18:36:50,2
806,808,2005-05-29 19:08:20,539,104,2005-06-06 20:32:20,2
807,809,2005-05-29 19:10:20,214,222,2005-06-05 19:05:20,2
808,810,2005-05-29 19:12:04,141,346,2005-06-04 21:12:04,2
809,811,2005-05-29 19:30:42,9,401,2005-06-02 16:19:42,2
810,812,2005-05-29 20:00:30,27,225,2005-05-30 19:43:30,2
811,813,2005-05-29 20:14:34,53,344,2005-06-05 20:56:34,1
812,814,2005-05-29 20:16:12,237,134,2005-06-07 17:47:12,1
813,815,2005-05-29 20:24:28,358,14,2005-06-03 15:32:28,1
814,816,2005-05-29 20:26:39,85,474,2005-06-06 22:31:39,2
815,817,2005-05-29 20:39:14,894,554,2005-05-31 18:24:14,1
816,818,2005-05-29 20:47:53,886,321,2005-06-02 23:18:53,2
817,819,2005-05-29 21:00:32,682,511,2005-06-02 15:15:32,2
818,820,2005-05-29 21:07:22,398,22,2005-06-07 00:22:22,2
819,821,2005-05-29 21:31:12,534,348,2005-06-04 22:49:12,1
820,822,2005-05-29 21:36:00,314,480,2005-06-07 17:24:00,1
821,823,2005-05-29 21:39:37,41,441,2005-05-30 22:06:37,1
822,824,2005-05-29 21:45:32,972,357,2005-05-31 19:01:32,1
823,825,2005-05-29 21:49:41,977,371,2005-06-04 20:27:41,2
824,826,2005-05-29 21:56:15,447,207,2005-06-08 03:18:15,1
825,827,2005-05-29 21:58:43,553,573,2005-06-06 00:54:43,1
826,828,2005-05-29 22:14:55,810,217,2005-05-30 17:22:55,1
827,829,2005-05-29 22:16:42,412,371,2005-06-06 01:38:42,1
828,830,2005-05-29 22:43:55,50,3,2005-06-01 17:43:55,1
829,831,2005-05-29 22:50:25,124,509,2005-06-06 02:27:25,1
830,832,2005-05-29 22:51:20,815,159,2005-06-07 17:37:20,2
831,833,2005-05-29 23:21:56,179,417,2005-06-02 18:40:56,1
832,834,2005-05-29 23:24:30,259,84,2005-05-30 22:00:30,2
833,835,2005-05-29 23:37:00,376,381,2005-06-02 23:38:00,1
834,836,2005-05-29 23:56:42,434,368,2005-05-31 04:11:42,2
835,837,2005-05-30 00:02:08,280,172,2005-06-02 05:31:08,2
836,838,2005-05-30 00:27:57,856,504,2005-06-06 22:19:57,2
837,839,2005-05-30 00:28:12,234,337,2005-06-08 02:43:12,1
838,840,2005-05-30 00:28:41,158,79,2005-05-31 20:39:41,2
839,841,2005-05-30 00:31:17,702,387,2005-06-02 19:14:17,1
840,842,2005-05-30 00:32:04,925,238,2005-06-01 02:21:04,1
841,843,2005-05-30 00:44:24,706,313,2005-05-31 00:58:24,2
842,844,2005-05-30 00:58:20,518,429,2005-06-01 00:38:20,1
843,845,2005-05-30 01:17:25,480,72,2005-06-07 02:00:25,1
844,846,2005-05-30 01:17:45,204,49,2005-06-01 00:56:45,2
845,847,2005-05-30 01:18:15,640,380,2005-06-06 20:20:15,2
846,848,2005-05-30 01:19:53,263,436,2005-06-05 23:40:53,1
847,849,2005-05-30 01:23:07,736,449,2005-06-07 01:50:07,1
848,850,2005-05-30 01:35:12,435,517,2005-05-31 01:51:12,1
849,851,2005-05-30 01:35:15,1000,530,2005-06-06 07:27:15,1
850,852,2005-05-30 01:36:57,440,549,2005-06-01 22:44:57,1
851,853,2005-05-30 01:43:31,839,122,2005-06-01 02:05:31,1
852,854,2005-05-30 01:56:11,575,369,2005-06-01 06:34:11,2
853,855,2005-05-30 02:00:28,944,406,2005-06-03 20:16:28,2
854,856,2005-05-30 02:01:21,420,53,2005-06-07 03:25:21,1
855,857,2005-05-30 02:01:23,699,204,2005-06-02 06:07:23,2
856,858,2005-05-30 02:10:32,726,358,2005-06-01 04:42:32,1
857,859,2005-05-30 02:36:20,599,79,2005-06-02 07:49:20,2
858,860,2005-05-30 02:45:16,628,276,2005-06-08 07:28:16,1
859,861,2005-05-30 02:48:32,306,502,2005-06-06 05:43:32,1
860,862,2005-05-30 03:09:11,546,328,2005-06-03 21:27:11,1
861,863,2005-05-30 03:14:59,241,379,2005-06-05 04:34:59,2
862,864,2005-05-30 03:27:17,153,544,2005-06-06 08:28:17,1
863,865,2005-05-30 03:39:44,103,154,2005-06-07 08:10:44,2
864,866,2005-05-30 03:43:54,627,8,2005-06-08 04:28:54,1
865,867,2005-05-30 03:54:43,635,99,2005-06-01 22:59:43,1
866,868,2005-05-30 04:19:55,919,28,2005-05-31 02:28:55,1
867,869,2005-05-30 04:22:06,688,296,2005-06-03 09:18:06,2
868,870,2005-05-30 04:25:47,257,391,2005-06-06 04:32:47,1
869,871,2005-05-30 05:01:30,379,303,2005-06-04 06:22:30,2
870,872,2005-05-30 05:03:04,685,548,2005-06-06 10:35:04,1
871,873,2005-05-30 05:15:20,213,375,2005-06-07 00:49:20,2
872,874,2005-05-30 05:36:21,105,52,2005-06-01 09:32:21,1
873,875,2005-05-30 05:38:24,529,326,2005-06-06 00:34:24,2
874,876,2005-05-30 05:41:22,686,339,2005-06-07 09:06:22,2
875,877,2005-05-30 05:48:59,436,9,2005-06-02 09:30:59,1
876,878,2005-05-30 05:49:13,850,323,2005-06-07 04:35:13,1
877,879,2005-05-30 05:49:42,420,482,2005-06-05 01:45:42,2
878,880,2005-05-30 06:12:33,558,460,2005-06-02 04:35:33,2
879,881,2005-05-30 06:15:36,149,242,2005-06-02 10:21:36,1
880,882,2005-05-30 06:16:06,972,477,2005-06-02 11:57:06,1
881,883,2005-05-30 06:21:05,554,399,2005-06-07 04:50:05,2
882,884,2005-05-30 06:41:32,777,17,2005-05-31 07:39:32,1
883,885,2005-05-30 06:54:28,58,62,2005-06-03 07:03:28,2
884,886,2005-05-30 06:54:51,373,393,2005-06-01 06:04:51,2
885,887,2005-05-30 07:10:00,208,16,2005-06-01 06:48:00,2
886,888,2005-05-30 07:13:14,370,128,2005-06-06 09:50:14,1
887,889,2005-05-30 07:14:53,72,114,2005-05-31 07:56:53,2
888,890,2005-05-30 07:43:04,686,349,2005-06-01 11:26:04,1
889,891,2005-05-30 07:43:12,809,391,2005-06-08 09:21:12,1
890,892,2005-05-30 08:02:56,126,274,2005-06-05 12:51:56,1
891,893,2005-05-30 08:06:59,500,502,2005-06-07 08:23:59,2
892,894,2005-05-30 08:31:31,188,400,2005-06-07 12:39:31,1
893,895,2005-05-30 08:50:43,272,192,2005-06-05 10:58:43,1
894,896,2005-05-30 09:03:52,50,207,2005-06-05 07:37:52,2
895,897,2005-05-30 09:10:01,122,432,2005-06-08 03:43:01,1
896,898,2005-05-30 09:26:19,378,384,2005-06-01 10:45:19,2
897,899,2005-05-30 09:29:30,954,156,2005-06-06 12:39:30,2
898,900,2005-05-30 09:38:41,513,586,2005-06-07 11:54:41,1
899,901,2005-05-30 09:40:40,189,259,2005-06-02 10:32:40,1
900,902,2005-05-30 09:53:36,297,561,2005-06-07 12:10:36,1
901,903,2005-05-30 10:11:29,922,197,2005-06-03 09:33:29,1
902,904,2005-05-30 10:19:42,9,44,2005-06-05 04:58:42,2
903,905,2005-05-30 10:25:00,583,50,2005-06-06 06:23:00,1
904,906,2005-05-30 10:30:38,786,549,2005-06-07 06:44:38,2
905,907,2005-05-30 10:37:27,270,506,2005-06-02 09:51:27,1
906,908,2005-05-30 10:38:37,365,85,2005-06-03 09:56:37,1
907,909,2005-05-30 10:43:38,768,486,2005-06-08 12:07:38,1
908,910,2005-05-30 10:46:16,57,374,2005-06-04 13:32:16,1
909,911,2005-05-30 10:50:22,456,366,2005-06-07 12:26:22,2
910,912,2005-05-30 10:58:33,162,390,2005-05-31 09:31:33,2
911,913,2005-05-30 11:04:58,10,369,2005-06-07 13:22:58,2
912,914,2005-05-30 11:06:00,615,596,2005-06-04 06:07:00,2
913,915,2005-05-30 11:20:27,205,115,2005-06-02 11:55:27,1
914,916,2005-05-30 11:25:01,272,6,2005-05-31 09:06:01,1
915,917,2005-05-30 11:27:06,393,385,2005-06-02 08:31:06,1
916,918,2005-05-30 11:32:24,456,197,2005-05-31 07:55:24,2
917,919,2005-05-30 11:35:06,86,374,2005-06-02 13:16:06,2
918,920,2005-05-30 11:44:01,525,584,2005-06-02 08:19:01,2
919,921,2005-05-30 11:53:09,540,508,2005-06-03 10:00:09,2
920,922,2005-05-30 11:55:55,537,550,2005-06-08 10:12:55,2
921,923,2005-05-30 11:58:50,689,37,2005-06-05 09:57:50,1
922,924,2005-05-30 12:10:59,757,293,2005-06-04 17:28:59,1
923,925,2005-05-30 12:13:52,171,137,2005-06-02 14:41:52,2
924,926,2005-05-30 12:15:54,973,76,2005-06-01 08:53:54,2
925,927,2005-05-30 12:16:40,272,167,2005-05-31 16:20:40,2
926,928,2005-05-30 12:27:14,475,79,2005-06-05 13:56:14,2
927,929,2005-05-30 12:32:39,191,536,2005-06-06 12:17:39,1
928,930,2005-05-30 12:44:57,554,141,2005-06-04 10:53:57,2
929,931,2005-05-30 12:53:01,257,421,2005-05-31 14:28:01,1
930,932,2005-05-30 12:55:36,125,198,2005-05-31 10:30:36,2
931,933,2005-05-30 13:08:45,656,66,2005-06-01 18:56:45,1
932,934,2005-05-30 13:24:46,644,60,2005-06-08 16:44:46,2
933,935,2005-05-30 13:29:36,10,256,2005-06-02 11:08:36,1
934,936,2005-05-30 13:52:49,553,469,2005-06-07 16:56:49,1
935,937,2005-05-30 14:47:31,161,304,2005-06-05 09:53:31,2
936,938,2005-05-30 14:47:31,494,46,2005-06-04 10:10:31,2
937,939,2005-05-30 14:49:34,205,367,2005-06-01 19:00:34,1
938,940,2005-05-30 15:01:02,90,534,2005-06-01 18:26:02,1
939,941,2005-05-30 15:02:25,186,562,2005-06-01 17:19:25,1
940,942,2005-05-30 15:05:47,953,473,2005-06-08 15:59:47,2
941,943,2005-05-30 15:20:19,228,57,2005-06-06 18:53:19,1
942,944,2005-05-30 15:26:24,339,131,2005-06-07 18:09:24,2
943,945,2005-05-30 15:33:17,62,357,2005-06-02 15:02:17,2
944,946,2005-05-30 15:35:08,894,486,2005-06-08 11:38:08,1
945,947,2005-05-30 15:36:57,36,62,2005-06-04 18:48:57,1
946,948,2005-05-30 15:44:27,3,245,2005-06-08 17:30:27,2
947,949,2005-05-30 15:50:39,167,368,2005-06-03 14:25:39,1
948,950,2005-05-30 16:06:08,789,83,2005-06-01 11:43:08,1
949,951,2005-05-30 16:10:35,49,59,2005-05-31 19:01:35,2
950,952,2005-05-30 16:28:07,392,311,2005-06-02 16:12:07,2
951,953,2005-05-30 16:34:02,463,210,2005-05-31 20:34:02,1
952,954,2005-05-30 16:57:29,596,297,2005-06-08 13:30:29,2
953,955,2005-05-30 16:59:03,519,301,2005-05-31 11:58:03,2
954,956,2005-05-30 17:30:28,284,296,2005-06-07 13:54:28,2
955,957,2005-05-30 17:53:29,783,440,2005-06-03 15:31:29,2
956,958,2005-05-30 17:58:03,650,186,2005-06-01 19:17:03,2
957,959,2005-05-30 18:07:00,796,535,2005-06-02 14:37:00,2
958,960,2005-05-30 18:13:23,123,445,2005-06-04 00:12:23,2
959,961,2005-05-30 18:16:44,576,588,2005-06-04 23:40:44,2
960,962,2005-05-30 18:45:17,804,520,2005-06-05 22:47:17,1
961,963,2005-05-30 18:52:53,116,225,2005-06-07 16:19:53,2
962,964,2005-05-30 18:53:21,605,287,2005-06-04 22:32:21,2
963,965,2005-05-30 19:00:14,598,502,2005-05-31 17:10:14,2
964,966,2005-05-30 19:00:37,230,496,2005-05-31 23:51:37,1
965,967,2005-05-30 19:12:06,130,330,2005-06-09 00:02:06,2
966,968,2005-05-30 19:20:03,941,576,2005-05-31 18:17:03,2
967,969,2005-05-30 19:23:48,924,551,2005-05-31 21:14:48,1
968,970,2005-05-30 19:50:28,802,307,2005-06-09 01:19:28,1
969,971,2005-05-30 20:10:52,614,561,2005-06-06 20:47:52,1
970,972,2005-05-30 20:21:07,319,411,2005-06-06 00:36:07,1
971,973,2005-05-30 20:27:45,485,473,2005-06-08 22:47:45,2
972,974,2005-05-30 20:28:42,880,596,2005-06-08 23:45:42,2
973,975,2005-05-30 21:07:15,186,7,2005-06-03 01:48:15,2
974,976,2005-05-30 21:11:19,387,581,2005-06-06 02:16:19,2
975,977,2005-05-30 21:22:26,914,394,2005-06-04 22:32:26,2
976,978,2005-05-30 21:30:52,662,154,2005-06-07 16:22:52,1
977,979,2005-05-30 21:37:11,752,279,2005-06-08 00:24:11,2
978,980,2005-05-30 21:45:19,561,273,2005-06-01 20:32:19,1
979,981,2005-05-30 21:52:42,682,326,2005-06-01 03:15:42,2
980,982,2005-05-30 22:15:24,992,524,2005-06-02 16:18:24,1
981,983,2005-05-30 22:15:51,400,115,2005-06-02 22:56:51,1
982,984,2005-05-30 22:17:17,896,262,2005-06-01 20:15:17,2
983,985,2005-05-30 22:18:35,750,564,2005-06-04 23:36:35,1
984,986,2005-05-30 22:22:52,787,253,2005-06-01 02:24:52,1
985,987,2005-05-30 22:59:12,653,11,2005-06-07 20:56:12,1
986,988,2005-05-30 23:08:03,88,12,2005-06-07 00:22:03,1
987,989,2005-05-30 23:11:51,849,83,2005-06-03 20:36:51,2
988,990,2005-05-30 23:25:14,194,311,2005-06-06 18:41:14,2
989,991,2005-05-30 23:29:22,84,593,2005-06-07 23:16:22,1
990,992,2005-05-30 23:47:56,177,123,2005-06-05 19:01:56,1
991,993,2005-05-30 23:54:19,858,513,2005-06-04 21:27:19,1
992,994,2005-05-30 23:55:36,916,472,2005-06-04 01:00:36,2
993,995,2005-05-31 00:06:02,408,150,2005-06-06 02:30:02,2
994,996,2005-05-31 00:06:20,457,331,2005-05-31 21:29:20,2
995,997,2005-05-31 00:08:25,579,216,2005-06-02 00:17:25,2
996,998,2005-05-31 00:16:57,499,389,2005-06-01 22:41:57,1
997,999,2005-05-31 00:25:10,113,413,2005-06-03 06:05:10,2
998,1000,2005-05-31 00:25:56,551,332,2005-06-08 19:42:56,2
999,1001,2005-05-31 00:46:31,966,64,2005-06-06 06:14:31,2
